<?xml version="1.0" encoding="UTF-8"?>
<document PWChecksum="d41d8cd98f00b204e9800998ecf8427e" CacheVersion="1.0" FileSettings="$ProjDir\Elevator CLA Project.lvproj#ELTSEP#1#ELTSEP#0" WithImages="False" AnalyzeDiagram="True" RegEx0="\[REQ[ \t]*:[ \t]*([^\]]+)\]" RegEx1="\[Covers[ \t]*:[ \t]*([^\]]*)\]" TotalAnalyzed="24" ReadFromCache="21" Elapsed="1870"><file kind="project" root="true" name="Elevator CLA Project.lvproj" path="C:\Perforce\CustomerEducation\Certification\Development\CLA\Source\2013\In Dev\Elevator\elevator\Elevator CLA Project.lvproj" timestamp="2014-02-24 13:25:00"><file kind="target" root="false" name="My Computer" path="" timestamp=""><file kind="folder" root="false" name="elevator" path="" timestamp=""><file kind="vi" root="false" name="Elevator Main.vi" path="C:\Perforce\CustomerEducation\Certification\Development\CLA\Source\2013\In Dev\Elevator\elevator\Elevator Main.vi" timestamp="2014-02-24 13:25:00" revision="10" signature="963CE21450C7A64EA4A6F27FA3AE14E5"><history></history><description>This is the main VI, it launches the modules that comprise the elevator application.</description><diagram name="diagram" img_path=""><node name="Text" classname="Text" id="15:Text:Text"><description></description><text>Main VI loads modules [Covers: SI2]</text></node><node name="Text" classname="Text" id="16:Text:Text"><description></description><text>Seperate components [Covers: SI1]</text></node></diagram></file><file kind="folder" root="false" name="User Console" path="" timestamp=""><file kind="vi" root="false" name="User_Console_enum.ctl" path="C:\Perforce\CustomerEducation\Certification\Development\CLA\Source\2013\In Dev\Elevator\elevator\User Console\User_Console_enum.ctl" timestamp="2014-02-19 17:12:24" revision="1" signature=""><history></history><description></description></file><file kind="vi" root="false" name="User_Console.vi" path="C:\Perforce\CustomerEducation\Certification\Development\CLA\Source\2013\In Dev\Elevator\elevator\User Console\User_Console.vi" timestamp="2014-02-24 12:18:26" revision="17" signature="F6039FEE0C7E8D45BD842514AA5E794A"><history></history><description>The user console.  Uses event structure to manage user interactions.   Has two way communicatioon, only recieves init and shutdown messages. [Covers: UI2]</description><frontpanel name="frontpanel" img_path=""><control name="Label" indicator="" classname="Text" id="4:Text:Label"><description></description><text>[Covers: UI2B2]</text></control><control name="Label" indicator="" classname="Text" id="21:Text:Label"><description></description><text>[Covers: UI2B]</text></control><control name="Label" indicator="" classname="Text" id="22:Text:Label"><description></description><text>[Covers: UI2A1]</text></control><control name="Label" indicator="" classname="Text" id="31:Text:Label"><description></description><text>[Covers: UI2C]</text></control><control name="Label" indicator="" classname="Text" id="32:Text:Label"><description></description><text>[Covers: UI2D]</text></control><control name="Label" indicator="" classname="Text" id="33:Text:Label"><description></description><text>[Covers: UI2A]</text></control></frontpanel><diagram name="diagram" img_path=""><node name="Subdiagram" classname="Diagram" id="62:Diagram:Subdiagram"><description>Initialize all controls [Covers: IS1]</description><text></text></node><node name="Text" classname="Text" id="65:Text:Text"><description></description><text>Use preperty nodes to turn all selections to OFF, Open and Close to OFF, 
and the emergency to off.  [Covers: IS3] </text></node><node name="Text" classname="Text" id="144:Text:Text"><description></description><text>[Covers: OC2] , Door action turns on</text></node><node name="Text" classname="Text" id="168:Text:Text"><description></description><text>[Covers: UI2D1]</text></node><node name="Text" classname="Text" id="202:Text:Text"><description></description><text>[Covers: UI2C3]</text></node><node name="Text" classname="Text" id="217:Text:Text"><description></description><text>[Covers: EC3]</text></node><node name="Text" classname="Text" id="232:Text:Text"><description></description><text>[Covers: UI2A2]</text></node><node name="Text" classname="Text" id="234:Text:Text"><description></description><text>[Covers: RF1] and [Covers: RF2]</text></node><node name="Text" classname="Text" id="270:Text:Text"><description></description><text>[Covers: TS2]</text></node><node name="Text" classname="Text" id="272:Text:Text"><description></description><text>Disable All Controls
[Covers: TS1]</text></node></diagram></file><file kind="vi" root="false" name="Requests.ctl" path="C:\Perforce\CustomerEducation\Certification\Development\CLA\Source\2013\In Dev\Elevator\elevator\User Console\Requests.ctl" timestamp="2014-02-19 16:48:30" revision="1" signature=""><history></history><description></description></file></file><file kind="folder" root="false" name="Timing" path="" timestamp=""><file kind="vi" root="false" name="Timer_Enum.ctl" path="C:\Perforce\CustomerEducation\Certification\Development\CLA\Source\2013\In Dev\Elevator\elevator\Timing\Timer_Enum.ctl" timestamp="2014-02-23 20:50:46" revision="1" signature=""><history></history><description></description></file><file kind="vi" root="false" name="Timer.vi" path="C:\Perforce\CustomerEducation\Certification\Development\CLA\Source\2013\In Dev\Elevator\elevator\Timing\Timer.vi" timestamp="2014-02-23 20:56:18" revision="2" signature="1BCCF0CC168E4E4F930840E6568FF037"><history></history><description>Timer FGV for Elevator Application</description></file></file><file kind="folder" root="false" name="Sensor Interface" path="" timestamp=""><file kind="vi" root="false" name="Sensor_Station.ctl" path="C:\Perforce\CustomerEducation\Certification\Development\CLA\Source\2013\In Dev\Elevator\elevator\Sensor Interface\Sensor_Station.ctl" timestamp="2014-02-18 20:01:38" revision="4" signature=""><history></history><description></description></file><file kind="vi" root="false" name="sensor_Module.vi" path="C:\Perforce\CustomerEducation\Certification\Development\CLA\Source\2013\In Dev\Elevator\elevator\Sensor Interface\sensor_Module.vi" timestamp="2014-02-23 21:10:48" revision="15" signature="3BDC84025F574346B6E6B71F9A96C58E"><history></history><description>THis is the sensor module, it sends the location of the pizza to the controller.  It initilizes and shuts down.  it has two way messaging.   

This and other two moduels cover the UI requirements.  [Covers: UI1] [Covers: UI4]</description><frontpanel name="frontpanel" img_path=""><control name="Label" indicator="" classname="Text" id="4:Text:Label"><description></description><text>[Covers: UI4]</text></control></frontpanel><diagram name="diagram" img_path=""><node name="Text" classname="Text" id="47:Text:Text"><description></description><text>[Covers: IS3]</text></node><node name="Text" classname="Text" id="64:Text:Text"><description></description><text>[Covers: TS1]
[Covers: TS2]</text></node><node name="Text" classname="Text" id="111:Text:Text"><description></description><text>[Covers: SS5]</text></node><node name="Text" classname="Text" id="112:Text:Text"><description></description><text>[Covers: UI4A]</text></node><node name="Text" classname="Text" id="113:Text:Text"><description></description><text>[Covers: CT2]</text></node></diagram></file><file kind="vi" root="false" name="Sensor_Enum.ctl" path="C:\Perforce\CustomerEducation\Certification\Development\CLA\Source\2013\In Dev\Elevator\elevator\Sensor Interface\Sensor_Enum.ctl" timestamp="2014-02-19 15:07:22" revision="1" signature=""><history></history><description></description></file><file kind="vi" root="false" name="Sensor.vi" path="C:\Perforce\CustomerEducation\Certification\Development\CLA\Source\2013\In Dev\Elevator\elevator\Sensor Interface\Sensor.vi" timestamp="2014-02-24 12:54:39" revision="2" signature="94B445172E077F4EA30F8680027F09D5"><history></history><description></description></file></file><file kind="folder" root="false" name="Messaging" path="" timestamp=""><file kind="vi" root="false" name="Msg_Control.ctl" path="C:\Perforce\CustomerEducation\Certification\Development\CLA\Source\2013\In Dev\Elevator\elevator\Messaging\Msg_Control.ctl" timestamp="2014-02-02 20:50:06" revision="1" signature=""><history></history><description></description></file><file kind="vi" root="false" name="messaging.vi" path="C:\Perforce\CustomerEducation\Certification\Development\CLA\Source\2013\In Dev\Elevator\elevator\Messaging\messaging.vi" timestamp="2014-02-23 18:41:24" revision="5" signature="B7019045D995A741B82E906ECFCCCF1A"><history></history><description>Message FGV.  Creates references for queues, based on thier Data Types.   Has case to send init to all queues.  Has case to get queue references,  Has case to close queue refs.

Developer must build cluster to hold queues, for the queue data types, use the module dat types for the queues and add the command enum for the module,</description></file></file><file kind="folder" root="false" name="intermediate" path="" timestamp=""><file kind="folder" root="false" name="Data" path="" timestamp=""></file></file><file kind="folder" root="false" name="Error Handler" path="" timestamp=""><file kind="vi" root="false" name="Error_Control.ctl" path="C:\Perforce\CustomerEducation\Certification\Development\CLA\Source\2013\In Dev\Elevator\elevator\Error Handler\Error_Control.ctl" timestamp="2014-02-23 15:29:40" revision="1" signature=""><history></history><description></description></file><file kind="vi" root="false" name="Error Handler.vi" path="C:\Perforce\CustomerEducation\Certification\Development\CLA\Source\2013\In Dev\Elevator\elevator\Error Handler\Error Handler.vi" timestamp="2014-02-24 12:22:35" revision="9" signature="71EB39E7C661304C8B3758537B9F1A44"><history></history><description>Error Handler FGV.  INterprets error conditions, logs errors, and sends commands back to the controller.  The error type is set by the caller, teh FGV responds depending on the error type.</description><diagram name="diagram" img_path=""><node name="Text" classname="Text" id="83:Text:Text"><description></description><text>[Covers: EH4]</text></node><node name="Text" classname="Text" id="133:Text:Text"><description></description><text>[Covers: EH1A1]
[Covers: EH1A2]</text></node><node name="Text" classname="Text" id="150:Text:Text"><description></description><text>[Covers: EH1A]</text></node><node name="Text" classname="Text" id="172:Text:Text"><description></description><text>[Covers: EH1]</text></node><node name="Text" classname="Text" id="173:Text:Text"><description></description><text>[Covers: EH1A]</text></node><node name="Text" classname="Text" id="197:Text:Text"><description></description><text>[Covers: EH3]</text></node><node name="Text" classname="Text" id="220:Text:Text"><description></description><text>[Covers: EH2]</text></node></diagram></file></file><file kind="folder" root="false" name="Display Console" path="" timestamp=""><file kind="vi" root="false" name="Display_Enum.ctl" path="C:\Perforce\CustomerEducation\Certification\Development\CLA\Source\2013\In Dev\Elevator\elevator\Display Console\Display_Enum.ctl" timestamp="2014-02-19 15:57:08" revision="3" signature=""><history></history><description></description></file><file kind="vi" root="false" name="Display_Data.ctl" path="C:\Perforce\CustomerEducation\Certification\Development\CLA\Source\2013\In Dev\Elevator\elevator\Display Console\Display_Data.ctl" timestamp="2014-02-19 15:59:18" revision="1" signature=""><history></history><description></description></file><file kind="vi" root="false" name="Display_Console.vi" path="C:\Perforce\CustomerEducation\Certification\Development\CLA\Source\2013\In Dev\Elevator\elevator\Display Console\Display_Console.vi" timestamp="2014-02-24 12:32:35" revision="11" signature="C732A7126C643E4B9180D3853686681B"><history></history><description>This is the display console, it allows the user to configure a pizza and start the baking.  It has two way communication with the controller. [Covers: UI3]</description><frontpanel name="frontpanel" img_path=""><control name="Label" indicator="" classname="Text" id="9:Text:Label"><description></description><text>[Covers: UI3D]</text></control><control name="Label" indicator="" classname="Text" id="10:Text:Label"><description></description><text>[Covers: UI3A]</text></control><control name="Label" indicator="" classname="Text" id="11:Text:Label"><description></description><text>[Covers: UI3E]</text></control><control name="Label" indicator="" classname="Text" id="12:Text:Label"><description></description><text>[Covers: UI3B]</text></control><control name="Label" indicator="" classname="Text" id="13:Text:Label"><description></description><text>[Covers: UI3C]</text></control></frontpanel><diagram name="diagram" img_path=""><node name="Text" classname="Text" id="49:Text:Text"><description></description><text>[Covers: IS2]</text></node><node name="Text" classname="Text" id="50:Text:Text"><description></description><text> [Covers: IS2]
Timing 0.0
Current Floor 0 
Down F
UP F 
Emergency F </text></node><node name="Text" classname="Text" id="85:Text:Text"><description></description><text>Add Cases
[Covers: UI3A2]
Add Door Open [Covers: UI3B] [Covers: UI2B1]
Timing [Covers: UI3C]
Elevator direction [Covers: UI3D1]
Current Floor [Covers: UI3A1] [Covers: CT1B]
No Requests [Covers: UI3D2]</text></node><node name="Text" classname="Text" id="95:Text:Text"><description></description><text>Set timing to 0.0 [Covers: TS5]</text></node></diagram></file></file><file kind="folder" root="false" name="Database" path="" timestamp=""><file kind="vi" root="false" name="DB_Data.ctl" path="C:\Perforce\CustomerEducation\Certification\Development\CLA\Source\2013\In Dev\Elevator\elevator\Database\DB_Data.ctl" timestamp="2014-02-24 12:50:45" revision="8" signature=""><history></history><description>DB data structure: [Covers: CD1]</description><frontpanel name="frontpanel" img_path=""><control name="Label" indicator="" classname="Text" id="8:Text:Label"><description></description><text>[Covers: CD1A]</text></control><control name="Label" indicator="" classname="Text" id="9:Text:Label"><description></description><text>[Covers: CD1D]</text></control><control name="Label" indicator="" classname="Text" id="14:Text:Label"><description></description><text>[Covers: CD1C]</text></control><control name="Label" indicator="" classname="Text" id="15:Text:Label"><description></description><text>[Covers: CD1B]</text></control></frontpanel></file><file kind="vi" root="false" name="DB_control.ctl" path="C:\Perforce\CustomerEducation\Certification\Development\CLA\Source\2013\In Dev\Elevator\elevator\Database\DB_control.ctl" timestamp="2014-02-02 21:52:04" revision="2" signature=""><history></history><description>Enum for DB actions</description></file><file kind="vi" root="false" name="Database_FGV.vi" path="C:\Perforce\CustomerEducation\Certification\Development\CLA\Source\2013\In Dev\Elevator\elevator\Database\Database_FGV.vi" timestamp="2014-02-24 12:51:25" revision="9" signature="874C88561A3AC7468DEE7E4FEDEB2AB2"><history></history><description>The Database FGV provides access to the file/DB componenets, manages reads and writes, and provides default data when the file/DB is not available.</description><frontpanel name="frontpanel" img_path=""><control name="Label" indicator="" classname="Text" id="8:Text:Label"><description></description><text>[Covers: CD1A]</text></control><control name="Label" indicator="" classname="Text" id="9:Text:Label"><description></description><text>[Covers: CD1D]</text></control><control name="Label" indicator="" classname="Text" id="14:Text:Label"><description></description><text>[Covers: CD1C]</text></control><control name="Label" indicator="" classname="Text" id="15:Text:Label"><description></description><text>[Covers: CD1B]</text></control><control name="Label" indicator="" classname="Text" id="29:Text:Label"><description></description><text>[Covers: CD1A]</text></control><control name="Label" indicator="" classname="Text" id="30:Text:Label"><description></description><text>[Covers: CD1D]</text></control><control name="Label" indicator="" classname="Text" id="35:Text:Label"><description></description><text>[Covers: CD1C]</text></control><control name="Label" indicator="" classname="Text" id="36:Text:Label"><description></description><text>[Covers: CD1B]</text></control></frontpanel><diagram name="diagram" img_path=""><node name="Text" classname="Text" id="62:Text:Text"><description></description><text>[Covers: CD4]</text></node><node name="Text" classname="Text" id="77:Text:Text"><description></description><text>[Covers: CD3]</text></node><node name="Text" classname="Text" id="117:Text:Text"><description></description><text>[Covers: CD4]</text></node><node name="Text" classname="Text" id="135:Text:Text"><description></description><text>[Covers: CD2]</text></node></diagram></file></file><file kind="folder" root="false" name="Controller" path="" timestamp=""><file kind="vi" root="false" name="Hardware_Enum.ctl" path="C:\Perforce\CustomerEducation\Certification\Development\CLA\Source\2013\In Dev\Elevator\elevator\Controller\Hardware_Enum.ctl" timestamp="2014-02-24 12:45:01" revision="1" signature=""><history></history><description></description></file><file kind="vi" root="false" name="Elevator_Controller.vi" path="C:\Perforce\CustomerEducation\Certification\Development\CLA\Source\2013\In Dev\Elevator\elevator\Controller\Elevator_Controller.vi" timestamp="2014-02-24 13:25:00" revision="23" signature="A0E9D4E7E69344458EAFA168A35C0CAE"><history></history><description>Controller for the application.  Sends and recieves messages from the moduels.  </description><diagram name="diagram" img_path=""><node name="Text" classname="Text" id="36:Text:Text"><description></description><text>[Covers: UI2D1]</text></node><node name="Text" classname="Text" id="164:Text:Text"><description></description><text>[Covers: WS3]</text></node><node name="Text" classname="Text" id="165:Text:Text"><description></description><text>[Covers: WS2]</text></node><node name="Text" classname="Text" id="166:Text:Text"><description></description><text>[Covers: WS1]</text></node><node name="Text" classname="Text" id="200:Text:Text"><description></description><text>[Covers: SS4]</text></node><node name="Text" classname="Text" id="215:Text:Text"><description></description><text>[Covers: SS3]</text></node><node name="Text" classname="Text" id="225:Text:Text"><description></description><text>[Covers: SS2]</text></node><node name="Text" classname="Text" id="254:Text:Text"><description></description><text>[Covers: SS4A]</text></node><node name="Text" classname="Text" id="265:Text:Text"><description></description><text>[Covers: SS4A]</text></node><node name="Text" classname="Text" id="306:Text:Text"><description></description><text>[Covers: SS4B]</text></node><node name="Subdiagram" classname="Diagram" id="330:Diagram:Subdiagram"><description>Start analysis state [Covers: SS6]</description><text></text></node><node name="Text" classname="Text" id="331:Text:Text"><description></description><text>Read Controler data 
If emergency bit is set, elevator
stops 
[Covers: EC1]</text></node><node name="Text" classname="Text" id="332:Text:Text"><description></description><text>[Covers: AS2C]</text></node><node name="Text" classname="Text" id="333:Text:Text"><description></description><text>[Covers: AS2B]</text></node><node name="Text" classname="Text" id="334:Text:Text"><description></description><text>[Covers: AS2A]</text></node><node name="Text" classname="Text" id="335:Text:Text"><description></description><text>Review all values , use Table 1 to determine if the elevator
should move or stop. [Covers: AS2]</text></node><node name="Text" classname="Text" id="336:Text:Text"><description></description><text>[Covers: AS1]</text></node><node name="Text" classname="Text" id="357:Text:Text"><description></description><text>[Covers: CT2]</text></node><node name="Text" classname="Text" id="367:Text:Text"><description></description><text>[Covers: CT3]</text></node><node name="Text" classname="Text" id="377:Text:Text"><description></description><text>[Covers: CT1A]</text></node><node name="Text" classname="Text" id="378:Text:Text"><description></description><text>[Covers: CT1]</text></node><node name="Text" classname="Text" id="410:Text:Text"><description></description><text>[Covers: RF3]</text></node><node name="Text" classname="Text" id="411:Text:Text"><description></description><text>[Covers: RF1]</text></node><node name="Text" classname="Text" id="421:Text:Text"><description></description><text>[Covers: RF2]</text></node><node name="Text" classname="Text" id="446:Text:Text"><description></description><text>[Covers: UI2C1]</text></node><node name="Text" classname="Text" id="464:Text:Text"><description></description><text>[Covers: OC3]</text></node><node name="Text" classname="Text" id="480:Text:Text"><description></description><text>[Covers: OC1]</text></node><node name="Text" classname="Text" id="501:Text:Text"><description></description><text>[Covers: UI2C2]</text></node><node name="Text" classname="Text" id="502:Text:Text"><description></description><text>[Covers: SS1]</text></node><node name="Text" classname="Text" id="503:Text:Text"><description></description><text>Read Controler data 
If emergency bit is set, elevator
stays at Doors open. 
[Covers: EC2]</text></node><node name="Text" classname="Text" id="513:Text:Text"><description></description><text>[Covers: OC5]</text></node><node name="Text" classname="Text" id="514:Text:Text"><description></description><text>[Covers: OC6]</text></node><node name="Text" classname="Text" id="515:Text:Text"><description></description><text>[Covers: OC7]</text></node><node name="Text" classname="Text" id="517:Text:Text"><description></description><text>[Covers: OC3]</text></node><node name="Text" classname="Text" id="532:Text:Text"><description></description><text>[Covers: OC2B]</text></node><node name="Text" classname="Text" id="563:Text:Text"><description></description><text>Update Direction indicators on display console to both off [Covers: UI2D1]</text></node><node name="Text" classname="Text" id="564:Text:Text"><description></description><text>[Covers: NR1A]</text></node><node name="Text" classname="Text" id="566:Text:Text"><description></description><text>Update timer in display console [Covers: NR1]</text></node><node name="Text" classname="Text" id="567:Text:Text"><description></description><text>[Covers: NR1]</text></node><node name="Text" classname="Text" id="599:Text:Text"><description></description><text>If turning Emergency off, 
Place Initlize into shift register
[Covers: EC3] </text></node><node name="Text" classname="Text" id="633:Text:Text"><description></description><text>[Covers: TS3]</text></node><node name="Text" classname="Text" id="634:Text:Text"><description></description><text>[Covers: TS1]</text></node></diagram></file><file kind="vi" root="false" name="Controller_Enum.ctl" path="C:\Perforce\CustomerEducation\Certification\Development\CLA\Source\2013\In Dev\Elevator\elevator\Controller\Controller_Enum.ctl" timestamp="2014-02-23 21:50:34" revision="1" signature=""><history></history><description></description></file><file kind="vi" root="false" name="controller_Data.ctl" path="C:\Perforce\CustomerEducation\Certification\Development\CLA\Source\2013\In Dev\Elevator\elevator\Controller\controller_Data.ctl" timestamp="2014-02-24 13:25:00" revision="4" signature=""><history></history><description></description><frontpanel name="frontpanel" img_path=""><control name="Label" indicator="" classname="Text" id="9:Text:Label"><description></description><text>[Covers: CD1A]</text></control><control name="Label" indicator="" classname="Text" id="10:Text:Label"><description></description><text>[Covers: CD1D]</text></control><control name="Label" indicator="" classname="Text" id="15:Text:Label"><description></description><text>[Covers: CD1C]</text></control><control name="Label" indicator="" classname="Text" id="16:Text:Label"><description></description><text>[Covers: CD1B]</text></control></frontpanel></file></file></file><file kind="folder" root="false" name="Dependencies" path="Dependencies" timestamp=""></file></file></file><description></description></document>
